Workbook

Sheet シーン割り
A1: No | B1: パート | C1: 台本 | D1: 文字数 | E1: 秒数（目安） | F1: 開始 | G1: 背景 | H1: 主役 | I1: 文字 | J1: 仕上げ | K1: 画面の具体案 | L1: 注意
A2: 1 | B2: 導入 | C2: 周囲を何万人もの見知らぬ他人が行き交う場所で、人はどこまで無防備になれるだろうか。 | D2: =LEN(C2) | E2: =ROUND(D2/設定!$B$3,1) | F2: =TEXT(0,"m:ss") | G2: 03 パーティクル | H2: 09 棒人間 | I2: 12 キネティック文字 | K2: 真上から見た駅コンコース。無数の点（人）が流れる中、中央の1人だけが立ち止まる。「無防備」の文字がゆっくり浮かぶ。
A3: 2 | B3: 導入 | C3: 群衆のど真ん中にある四角い箱に足を踏み入れた瞬間、私たちの脳は奇妙な錯誤を起こす。 | D3: =LEN(C3) | E3: =ROUND(D3/設定!$B$3,1) | F3: =TEXT(SUM(E$1:E2)/86400,"m:ss") | G3: 03 パーティクル | H3: 05 3Dオブジェクト | I3: 11 ネオン・グリッチ | K3: 点の流れの中央に黒いキューブが出現。人物が入った瞬間、画面全体が一瞬グリッチして「錯誤」と表示。
A4: 3 | B4: 導入 | C4: 2026年9月、首都圏の主要ターミナル駅に設置されたテレワーク用防音個室ブース「ステーションポッド」内で、利用者が衣服を脱ぎ捨てて外部に露出する不適切行為の動画がSNSに拡散され、警察が捜査に乗り出す騒動へと発展した。 | D4: =LEN(C4) | E4: =ROUND(D4/設定!$B$3,1) | F4: =TEXT(SUM(E$1:E3)/86400,"m:ss") | G4: 04 シェーダー | H4: 01 CSS UI | I4: 12 キネティック文字 | K4: 暗く抑えたシェーダー背景の上に、ニュース見出し風カードと架空のSNS通知UIが積み重なる。「2026年9月」「警察が捜査」を強調。 | L4: 露出行為そのものは描かない（ブースの外観と通知UIだけで伝える）。実在のSNS・駅・商品名のロゴは使わない。事件の実在性は「要確認」シート参照。
A5: 4 | B5: 導入 | C5: モラルの崩壊や利用者の異常性と切り捨てるのは容易だ。 | D5: =LEN(C5) | E5: =ROUND(D5/設定!$B$3,1) | F5: =TEXT(SUM(E$1:E4)/86400,"m:ss") | H5: 09 棒人間 | I5: 02 SVG線画・変形 | K5: 群衆が1人の人物を指さす。「モラルの崩壊」「異常性」の文字にSVGの取り消し線が引かれる。
A6: 5 | B6: 導入 | C6: だが、この奇行の引き金を引いたのは、特殊な個人の狂気ではなく、現代の空間設計が人間の脳に仕掛けた認知のバグである。 | D6: =LEN(C6) | E6: =ROUND(D6/設定!$B$3,1) | F6: =TEXT(SUM(E$1:E5)/86400,"m:ss") | G6: 06 ジェネラティブ | H6: 08 図解（Manim風） | I6: 11 ネオン・グリッチ | K6: 脳の断面図（線画）の中をジェネラティブなノイズが流れ、「認知のバグ」がグリッチ表示。
A7: 6 | B7: 導入 | C7: 心理学と社会学の光を当てて解剖してみよう。 | D7: =LEN(C7) | E7: =ROUND(D7/設定!$B$3,1) | F7: =TEXT(SUM(E$1:E6)/86400,"m:ss") | G7: 04 シェーダー | I7: 02 SVG線画・変形 | J7: 01 CSS UI | K7: タイトルカード。「心理学 × 社会学」が一筆書きで描かれ、光が走る。
A8: 7 | B8: ① 狭い箱の安全錯覚 | C8: なぜ人は、すぐ外を他人が歩くガラス張りの箱の中で警戒を解いてしまうのか。 | D8: =LEN(C8) | E8: =ROUND(D8/設定!$B$3,1) | F8: =TEXT(SUM(E$1:E7)/86400,"m:ss") | H8: 05 3Dオブジェクト | I8: 12 キネティック文字 | J8: 09 棒人間 | K8: ガラス張りの3Dブースを斜め上から回り込む。外を棒人間が歩き、中の人物はくつろぐ。問いの文字が出る。
A9: 8 | B9: ① 狭い箱の安全錯覚 | C9: コーネル大学の環境心理学者、ゲイリーエバンスが2000年に都市住民300人を対象に行った実験がある。 | D9: =LEN(C9) | E9: =ROUND(D9/設定!$B$3,1) | F9: =TEXT(SUM(E$1:E8)/86400,"m:ss") | H9: 01 CSS UI | I9: 12 キネティック文字 | K9: 研究カード（大学・研究者名・年・人数）がスライドイン。「300人」をカウントアップ。 | L9: 研究内容が確認できていない。「要確認」シート参照。
A10: 9 | B10: ① 狭い箱の安全錯覚 | C10: 被験者を広さの異なる部屋に隔離し、窓の外に人通りがある状況で心拍数とコルチゾール値を計測しながら複雑なパズル課題に取り組ませた。 | D10: =LEN(C10) | E10: =ROUND(D10/設定!$B$3,1) | F10: =TEXT(SUM(E$1:E9)/86400,"m:ss") | H10: 08 図解（Manim風） | J10: 09 棒人間 | K10: 大・中・小の部屋を並べた図解。各部屋で棒人間がパズルに取り組み、横に心拍の波形が流れる。
A11: 10 | B11: ① 狭い箱の安全錯覚 | C11: その結果、床面積が狭い空間ほど、外部の視線に対する身体的警戒反応が約40パーセント低下した。 | D11: =LEN(C11) | E11: =ROUND(D11/設定!$B$3,1) | F11: =TEXT(SUM(E$1:E10)/86400,"m:ss") | H11: 07 動くグラフ | I11: 12 キネティック文字 | K11: 部屋の広さ別の警戒反応を棒グラフで表示。小部屋の棒が下がり「−40%」が大きく出る。 | L11: 数値の出典が確認できていない。グラフ化すると断定の印象が強まるので、確認後に作る。
A12: 11 | B12: ① 狭い箱の安全錯覚 | C12: 境界線が身体に迫る狭小空間は、脳に疑似的な母親の胎内のような安全シグナルを誤認させる。 | D12: =LEN(C12) | E12: =ROUND(D12/設定!$B$3,1) | F12: =TEXT(SUM(E$1:E11)/86400,"m:ss") | G12: 04 シェーダー | H12: 02 SVG線画・変形 | I12: 11 ネオン・グリッチ | K12: 暖色のシェーダー。四角い壁の線が丸く変形して人物を包む。「安全」が表示され、ずれて「誤認」に変わる。
A13: 12 | B13: ① 情景描写 | C13: 駅の雑踏を思い出してほしい。 | D13: =LEN(C13) | E13: =ROUND(D13/設定!$B$3,1) | F13: =TEXT(SUM(E$1:E12)/86400,"m:ss") | G13: 13 パララックス | H13: 09 棒人間 | J13: 03 パーティクル | K13: 駅構内の奥行き（柱・人の層）を多層パララックスで表現。手前ほど速く人が流れる。
A14: 13 | B14: ① 情景描写 | C14: 何千人もの靴音が反響し、行き交う人々の肩が触れ合う通路の脇に、わずか畳一畳ほどの黒いキューブが鎮座している。 | D14: =LEN(C14) | E14: =ROUND(D14/設定!$B$3,1) | F14: =TEXT(SUM(E$1:E13)/86400,"m:ss") | G14: 13 パララックス | H14: 05 3Dオブジェクト | J14: 03 パーティクル | K14: カメラが人の流れを抜けると、通路脇に黒いキューブ。「畳一畳」の寸法線をSVGで添えてもよい。
A15: 14 | B15: ① 情景描写 | C15: 防音ドアを閉めた瞬間、周囲の喧騒は低く籠もった唸り声へと遮断され、目の前には自分専用のモニターと小さなデスクだけが広がる。 | D15: =LEN(C15) | E15: =ROUND(D15/設定!$B$3,1) | F15: =TEXT(SUM(E$1:E14)/86400,"m:ss") | G15: 13 パララックス | H15: 09 棒人間 | J15: 01 CSS UI | K15: ドアが閉まると背景の群衆がぼけて暗くなる。画面端の音量メーター（見本01のイコライザー）が小さくなる。
A16: 15 | B16: ① 情景描写 | C16: ほんの数センチ外側をスーツ姿の通勤客が足早に通り過ぎているにもかかわらず、指先が触れる壁の圧迫感が、外の世界をまるでスクリーンの映像のように遠ざけてしまうのだ。 | D16: =LEN(C16) | E16: =ROUND(D16/設定!$B$3,1) | F16: =TEXT(SUM(E$1:E15)/86400,"m:ss") | H16: 09 棒人間 | J16: 11 ネオン・グリッチ | K16: ブース内の人物の肩越しの視点。ガラスの外の通勤客に走査線と軽いグリッチがかかり、映像のように見える。
A17: 16 | B17: 転換 | C17: ここまでは個人の内側の話だ。では社会の側から同じ光景を眺めると、何が見えてくるのだろうか。 | D17: =LEN(C17) | E17: =ROUND(D17/設定!$B$3,1) | F17: =TEXT(SUM(E$1:E16)/86400,"m:ss") | H17: 05 3Dオブジェクト | I17: 12 キネティック文字 | K17: キューブからカメラが引いていき、駅全体、さらに街全体へ。「個人 → 社会」の文字。
A18: 17 | B18: ② 公共空間の細分化 | C18: この現象は、個人の錯覚にとどまらず、都市空間そのものの変容が引き起こした歪みでもある。 | D18: =LEN(C18) | E18: =ROUND(D18/設定!$B$3,1) | F18: =TEXT(SUM(E$1:E17)/86400,"m:ss") | G18: 13 パララックス | H18: 06 ジェネラティブ | I18: 12 キネティック文字 | K18: 都市のシルエットがパララックスで流れ、その上にジェネラティブな歪みが広がる。
A19: 18 | B19: ② 公共空間の細分化 | C19: 社会学者のエドワードソジャが1996年にロサンゼルスの都市再開発地区を調査した研究がある。 | D19: =LEN(C19) | E19: =ROUND(D19/設定!$B$3,1) | F19: =TEXT(SUM(E$1:E18)/86400,"m:ss") | H19: 01 CSS UI | I19: 12 キネティック文字 | K19: 研究カード（研究者名・年・地域）がスライドイン。 | L19: 研究内容が確認できていない。「要確認」シート参照。
A20: 19 | B20: ② 公共空間の細分化 | C20: 公共広場をフェンスで囲い、入場料が必要な小規模ブース群へと分割した街区において、人々の行動変容を半年間にわたり定点観測した。 | D20: =LEN(C20) | E20: =ROUND(D20/設定!$B$3,1) | F20: =TEXT(SUM(E$1:E19)/86400,"m:ss") | H20: 08 図解（Manim風） | J20: 02 SVG線画・変形 | K20: 広場の俯瞰図にフェンスの線が一筆書きで引かれ、格子状のブースに分割される。中を棒人間が動く。
A21: 20 | B21: ② 公共空間の細分化 | C21: 監視カメラの設置密度を高めたにもかかわらず、ブース内での規範逸脱行為は従来の公共空間の約3倍に達した。 | D21: =LEN(C21) | E21: =ROUND(D21/設定!$B$3,1) | F21: =TEXT(SUM(E$1:E20)/86400,"m:ss") | H21: 07 動くグラフ | I21: 12 キネティック文字 | J21: 01 CSS UI | K21: 監視カメラのアイコンが次々に増える。横で「従来」と「ブース内」の棒グラフを比べ「約3倍」を表示。 | L21: 数値の出典が確認できていない。確認後にグラフ化する。
A22: 21 | B22: ② 公共空間の細分化 | C22: 公共空間の細分化と私有化は、共同体による自然な相互監視の目を無効化し、規律を内側から崩壊させる。 | D22: =LEN(C22) | E22: =ROUND(D22/設定!$B$3,1) | F22: =TEXT(SUM(E$1:E21)/86400,"m:ss") | H22: 08 図解（Manim風） | I22: 12 キネティック文字 | J22: 02 SVG線画・変形 | K22: 人々のあいだを視線の線が網のように結ぶ。ブースの壁が立つと線が1本ずつ切れて消える。
A23: 22 | B23: ② 公共空間の細分化 | C23: かつて駅の待合所やベンチは、誰もが共有し、お互いの視線が交差するパブリックスペースだった。 | D23: =LEN(C23) | E23: =ROUND(D23/設定!$B$3,1) | F23: =TEXT(SUM(E$1:E22)/86400,"m:ss") | G23: 13 パララックス | H23: 09 棒人間 | J23: 02 SVG線画・変形 | K23: セピア寄りの色調のパララックス。ベンチに座る人々のあいだを視線の線が行き交う。
A24: 23 | B24: ② 公共空間の細分化 | C24: ところが、効率とプライバシーを追求した都市インフラは、共有地の中に「有料で孤立を買うカプセル」を埋め込み始めた。 | D24: =LEN(C24) | E24: =ROUND(D24/設定!$B$3,1) | F24: =TEXT(SUM(E$1:E23)/86400,"m:ss") | H24: 05 3Dオブジェクト | I24: 12 キネティック文字 | J24: 01 CSS UI | K24: 床から黒いキューブが次々にせり上がる。各キューブに料金タグ（¥）が付く。
A25: 24 | B25: ② 公共空間の細分化 | C25: 公共のルールと私室の自由が境界線上で衝突し、公衆道徳の抜け穴が駅のホームにぽっかりと口を開けているのだ。 | D25: =LEN(C25) | E25: =ROUND(D25/設定!$B$3,1) | F25: =TEXT(SUM(E$1:E24)/86400,"m:ss") | G25: 04 シェーダー | H25: 08 図解（Manim風） | I25: 11 ネオン・グリッチ | K25: 「公共」と「私室」の領域がぶつかる図解。境界線がグリッチして裂け、穴が開く。
A26: 25 | B26: 転換 | C26: 都市の合理化が皮肉にも公徳心を麻痺させたことは分かった。では、そもそもなぜその仕組みは必要とされたのか。 | D26: =LEN(C26) | E26: =ROUND(D26/設定!$B$3,1) | F26: =TEXT(SUM(E$1:E25)/86400,"m:ss") | I26: 12 キネティック文字 | K26: 文字だけの転換カット。問いの文字が1語ずつ出る。
A27: 26 | B27: ③ 常時接続からの脱走 | C27: 個室ブースでの逸脱は、単なる恥知らずの犯行ではなく、過剰に接続された現代社会からの暴力的な脱走劇である。 | D27: =LEN(C27) | E27: =ROUND(D27/設定!$B$3,1) | F27: =TEXT(SUM(E$1:E26)/86400,"m:ss") | G27: 03 パーティクル | H27: 09 棒人間 | I27: 12 キネティック文字 | K27: パーティクルの接続線（見本03）が人物に絡みつく。「脱走劇」の文字が強く出る。
A28: 27 | B28: ③ 常時接続からの脱走 | C28: 社会学者のシェリータークルが2011年にビジネスパーソン200人を追跡した調査がある。 | D28: =LEN(C28) | E28: =ROUND(D28/設定!$B$3,1) | F28: =TEXT(SUM(E$1:E27)/86400,"m:ss") | H28: 01 CSS UI | I28: 12 キネティック文字 | K28: 研究カード（研究者名・年・人数）。「200人」をカウントアップ。 | L28: 調査内容が確認できていない。「要確認」シート参照。
A29: 28 | B29: ③ 常時接続からの脱走 | C29: 常にスマートフォンで連絡を義務づけられた被験者に、1日1時間だけ通信を遮断した閉鎖空間を提供し、心理的変化を記録させた。 | D29: =LEN(C29) | E29: =ROUND(D29/設定!$B$3,1) | F29: =TEXT(SUM(E$1:E28)/86400,"m:ss") | H29: 09 棒人間 | J29: 01 CSS UI | K29: スマホの通知バッジが増え続ける人物。閉鎖空間に入ると通知が止まり、1時間タイマーが動き出す。
A30: 29 | B30: ③ 常時接続からの脱走 | C30: 追跡対象の約70パーセントが、社会的な規範意識よりも強烈な自己解放感を優先し、衝動的な行動を強く望んだ。 | D30: =LEN(C30) | E30: =ROUND(D30/設定!$B$3,1) | F30: =TEXT(SUM(E$1:E29)/86400,"m:ss") | H30: 07 動くグラフ | I30: 12 キネティック文字 | K30: 円グラフが70%まで伸び、「規範意識 < 自己解放感」を天秤の図で添える。 | L30: 数値の出典が確認できていない。確認後にグラフ化する。
A31: 30 | B31: ③ 常時接続からの脱走 | C31: 常時接続の緊張から逃れる避難所を求めた人間は、規範そのものを脱ぎ捨てる。 | D31: =LEN(C31) | E31: =ROUND(D31/設定!$B$3,1) | F31: =TEXT(SUM(E$1:E30)/86400,"m:ss") | G31: 03 パーティクル | H31: 09 棒人間 | K31: 人物に絡んだ接続線が1本ずつ切れていき、人物が上着（＝規範の比喩）を脱ぎ落とす。 | L31: 「脱ぎ捨てる」は比喩として描き、裸体は描かない。
A32: 31 | B32: 結論 | C32: あの四角い箱は、監視と接続に疲れ果てた私たちが、群衆の中でプライベートを取り戻すために生み出した現代のシェルターだった。 | D32: =LEN(C32) | E32: =ROUND(D32/設定!$B$3,1) | F32: =TEXT(SUM(E$1:E31)/86400,"m:ss") | G32: 15 雨・天候 | H32: 05 3Dオブジェクト | J32: 13 パララックス | K32: 夜の雨が降る街（パララックス）。雨の中でキューブだけが暖かく灯る。
A33: 32 | B33: 結論 | C33: あなたは、扉一枚で隔てられたその箱の中で、自分を完全にコントロールできると言い切れるだろうか。 | D33: =LEN(C33) | E33: =ROUND(D33/設定!$B$3,1) | F33: =TEXT(SUM(E$1:E32)/86400,"m:ss") | H33: 09 棒人間 | I33: 12 キネティック文字 | J33: 11 ネオン・グリッチ | K33: キューブの中の人物にカメラがゆっくり寄る。問いの文字が出て、最後に一瞬だけグリッチ。
A34: 33 | B34: エンディング | C34: 社会を科学する。 | D34: =LEN(C34) | E34: =ROUND(D34/設定!$B$3,1) | F34: =TEXT(SUM(E$1:E33)/86400,"m:ss") | G34: 04 シェーダー | I34: 02 SVG線画・変形 | K34: チャンネルのキャッチコピーを線画で描く。背景のシェーダーを落ち着いた色にする。
A35: 34 | B35: エンディング | C35: 密閉された小部屋に入ったとき、あなたならどんな衝動を感じるか、ぜひコメント欄で教えてほしい。 | D35: =LEN(C35) | E35: =ROUND(D35/設定!$B$3,1) | F35: =TEXT(SUM(E$1:E34)/86400,"m:ss") | H35: 01 CSS UI | I35: 12 キネティック文字 | K35: コメント入力欄風のUIに問いの文字が入力されていく。
A36: 35 | B36: エンディング | C36: 次回もニュースを一緒に深く分析したい方は、チャンネル登録をお願いします。 | D36: =LEN(C36) | E36: =ROUND(D36/設定!$B$3,1) | F36: =TEXT(SUM(E$1:E35)/86400,"m:ss") | H36: 01 CSS UI | K36: 登録ボタン（見本01の弾むボタン）が光る。

Sheet スタイル一覧
A1: No | B1: スタイル | C1: 役割 | D1: この台本での使いどころ | E1: 使用回数 | F1: うち背景 | G1: うち主役 | H1: うち文字 | I1: うち仕上げ
A2: 1 | B2: 01 CSS UI | C2: 仕上げ | D2: 研究カード、SNS通知、音量メーター、コメント欄・登録ボタンなどのUI | E2: =COUNTIF('シーン割り'!$G$2:$J$36,B2) | F2: =COUNTIF('シーン割り'!$G$2:$G$36,B2) | G2: =COUNTIF('シーン割り'!$H$2:$H$36,B2) | H2: =COUNTIF('シーン割り'!$I$2:$I$36,B2) | I2: =COUNTIF('シーン割り'!$J$2:$J$36,B2)
A3: 2 | B3: 02 SVG線画・変形 | C3: 文字・仕上げ | D3: タイトルの線画、フェンスや視線の線、取り消し線、壁が丸くなる変形 | E3: =COUNTIF('シーン割り'!$G$2:$J$36,B3) | F3: =COUNTIF('シーン割り'!$G$2:$G$36,B3) | G3: =COUNTIF('シーン割り'!$H$2:$H$36,B3) | H3: =COUNTIF('シーン割り'!$I$2:$I$36,B3) | I3: =COUNTIF('シーン割り'!$J$2:$J$36,B3)
A4: 3 | B4: 03 パーティクル | C4: 背景 | D4: 群衆の流れ、常時接続の網（線が切れる演出） | E4: =COUNTIF('シーン割り'!$G$2:$J$36,B4) | F4: =COUNTIF('シーン割り'!$G$2:$G$36,B4) | G4: =COUNTIF('シーン割り'!$H$2:$H$36,B4) | H4: =COUNTIF('シーン割り'!$I$2:$I$36,B4) | I4: =COUNTIF('シーン割り'!$J$2:$J$36,B4)
A5: 4 | B5: 04 シェーダー | C5: 背景 | D5: タイトル・ニュース・胎内の比喩など、感情の色を出す場面 | E5: =COUNTIF('シーン割り'!$G$2:$J$36,B5) | F5: =COUNTIF('シーン割り'!$G$2:$G$36,B5) | G5: =COUNTIF('シーン割り'!$H$2:$H$36,B5) | H5: =COUNTIF('シーン割り'!$I$2:$I$36,B5) | I5: =COUNTIF('シーン割り'!$J$2:$J$36,B5)
A6: 5 | B6: 05 3Dオブジェクト | C6: 主役 | D6: 黒いキューブ（ステーションポッド）、カメラの引き・寄り | E6: =COUNTIF('シーン割り'!$G$2:$J$36,B6) | F6: =COUNTIF('シーン割り'!$G$2:$G$36,B6) | G6: =COUNTIF('シーン割り'!$H$2:$H$36,B6) | H6: =COUNTIF('シーン割り'!$I$2:$I$36,B6) | I6: =COUNTIF('シーン割り'!$J$2:$J$36,B6)
A7: 6 | B7: 06 ジェネラティブ | C7: 背景 | D7: 脳の中のノイズ、都市の歪み | E7: =COUNTIF('シーン割り'!$G$2:$J$36,B7) | F7: =COUNTIF('シーン割り'!$G$2:$G$36,B7) | G7: =COUNTIF('シーン割り'!$H$2:$H$36,B7) | H7: =COUNTIF('シーン割り'!$I$2:$I$36,B7) | I7: =COUNTIF('シーン割り'!$J$2:$J$36,B7)
A8: 7 | B8: 07 動くグラフ | C8: 主役 | D8: 研究結果の数値（−40%、約3倍、70%）※出典確認後 | E8: =COUNTIF('シーン割り'!$G$2:$J$36,B8) | F8: =COUNTIF('シーン割り'!$G$2:$G$36,B8) | G8: =COUNTIF('シーン割り'!$H$2:$H$36,B8) | H8: =COUNTIF('シーン割り'!$I$2:$I$36,B8) | I8: =COUNTIF('シーン割り'!$J$2:$J$36,B8)
A9: 8 | B9: 08 図解（Manim風） | C9: 主役 | D9: 部屋の比較、広場の分割、視線の網、公共と私室の衝突 | E9: =COUNTIF('シーン割り'!$G$2:$J$36,B9) | F9: =COUNTIF('シーン割り'!$G$2:$G$36,B9) | G9: =COUNTIF('シーン割り'!$H$2:$H$36,B9) | H9: =COUNTIF('シーン割り'!$I$2:$I$36,B9) | I9: =COUNTIF('シーン割り'!$J$2:$J$36,B9)
A10: 9 | B10: 09 棒人間 | C10: 主役 | D10: 利用者・通勤客・被験者などすべての人物 | E10: =COUNTIF('シーン割り'!$G$2:$J$36,B10) | F10: =COUNTIF('シーン割り'!$G$2:$G$36,B10) | G10: =COUNTIF('シーン割り'!$H$2:$H$36,B10) | H10: =COUNTIF('シーン割り'!$I$2:$I$36,B10) | I10: =COUNTIF('シーン割り'!$J$2:$J$36,B10)
A11: 10 | B11: 10 ドット絵 | C11: 不使用 | D11: ドット絵は深刻なニュースの雰囲気と合わないため使わない | E11: =COUNTIF('シーン割り'!$G$2:$J$36,B11) | F11: =COUNTIF('シーン割り'!$G$2:$G$36,B11) | G11: =COUNTIF('シーン割り'!$H$2:$H$36,B11) | H11: =COUNTIF('シーン割り'!$I$2:$I$36,B11) | I11: =COUNTIF('シーン割り'!$J$2:$J$36,B11)
A12: 11 | B12: 11 ネオン・グリッチ | C12: 文字・仕上げ | D12: 「錯誤」「認知のバグ」「誤認」など、脳のバグを表す言葉と場面 | E12: =COUNTIF('シーン割り'!$G$2:$J$36,B12) | F12: =COUNTIF('シーン割り'!$G$2:$G$36,B12) | G12: =COUNTIF('シーン割り'!$H$2:$H$36,B12) | H12: =COUNTIF('シーン割り'!$I$2:$I$36,B12) | I12: =COUNTIF('シーン割り'!$J$2:$J$36,B12)
A13: 12 | B13: 12 キネティック文字 | C13: 文字 | D13: 問いかけ、キーワード、数値の強調 | E13: =COUNTIF('シーン割り'!$G$2:$J$36,B13) | F13: =COUNTIF('シーン割り'!$G$2:$G$36,B13) | G13: =COUNTIF('シーン割り'!$H$2:$H$36,B13) | H13: =COUNTIF('シーン割り'!$I$2:$I$36,B13) | I13: =COUNTIF('シーン割り'!$J$2:$J$36,B13)
... A16: 15 | B16: 15 雨・天候 | C16: 背景 | D16: 結論の雨の夜（シェルターを際立たせる） | E16: =COUNTIF('シーン割り'!$G$2:$J$36,B16) | F16: =COUNTIF('シーン割り'!$G$2:$G$36,B16) | G16: =COUNTIF('シーン割り'!$H$2:$H$36,B16) | H16: =COUNTIF('シーン割り'!$I$2:$I$36,B16) | I16: =COUNTIF('シーン割り'!$J$2:$J$36,B16)
D17: 合計 | E17: =SUM(E2:E16) | F17: =SUM(F2:F16) | G17: =SUM(G2:G16) | H17: =SUM(H2:H16) | I17: =SUM(I2:I16)

Sheet 要確認
A1: No | B1: 台本の記述 | C1: 確認できていること | D1: 判定 | E1: 対応案
A2: 1 | B2: 2026年9月、「ステーションポッド」での不適切行為動画の拡散と警察の捜査 | C2: 報道を確認できていない（Claude の知識は2026年6月まで）。「ステーションポッド」が実在の商品名かどうかも未確認。 | D2: 要確認 | E2: 報道元を確認して概要欄に出典を載せる。商品名が実在する場合は、特定の事業者を責める表現にならないか確認する。
A3: 2 | B3: コーネル大学 ゲイリー・エバンス、2000年、都市住民300人、狭い部屋ほど警戒反応が約40%低下 | C3: エバンスはコーネル大学の実在の環境心理学者で、過密やストレスの研究で知られる。ただし、この条件・人数・数値の研究は確認できていない。 | D3: 要確認 | E3: 論文名・掲載誌を特定する。見つからなければ研究の紹介と「−40%」のグラフを削るか、確認できた研究に差し替える。
A4: 3 | B4: エドワード・ソジャ、1996年、ロサンゼルスの街区を半年間観測、ブース内の逸脱が約3倍 | C4: ソジャはロサンゼルスを研究した実在の都市地理学者で、1996年に著書『Thirdspace』がある。ただし理論研究が中心で、こうした観測調査は確認できていない。「社会学者」という肩書きも一般的な紹介とは異なる。 | D4: 要確認 | E4: 出典を特定する。見つからなければ「約3倍」のグラフを削り、都市の私有化に関する理論の紹介に言い換える。
A5: 4 | B5: シェリー・タークル、2011年、ビジネスパーソン200人を追跡、約70%が衝動的行動を望んだ | C5: タークルはMITの実在の研究者で、2011年に著書『Alone Together』がある。ただしこの本は主にインタビューに基づいており、この人数・数値の調査は確認できていない。 | D5: 要確認 | E5: 出典を特定する。見つからなければ「70%」のグラフを削り、著書の主張の紹介に言い換える。
B7: 数値をグラフや大きな文字で見せると、視聴者には確かな事実として伝わります。出典が確認できるまで、該当シーン（No.8・10・18・20・27・29）の図解は仮のままにしてください。

Sheet 設定
A1: 設定
A3: 読み上げ速度（文字/秒） | B3: 5.5
A4: 合計の目安（分:秒） | B4: =TEXT(SUM('シーン割り'!E2:E36)/86400,"m:ss")
A6: 使い方
A7: ・黄色いセル（B3）だけを書き換えてください。秒数・開始時刻・使用回数は計算式で自動更新されます。
A8: ・「シーン割り」の背景・主役・文字・仕上げの列は、ドロップダウンで「スタイル一覧」のスタイルに変更できます。
A9: ・スタイル番号は、前回の見本ページ（アニメーション見本帳）の番号と同じです。
A10: ・「要確認」シートの項目は、図解やグラフを作る前に出典を確認してください。
